Paquets,51,window,41,polyorder,1,Efficacité,"38,9",Epochs,5
Paquets,251,window,81,polyorder,9,Efficacité,"38,1",Epochs,10
Paquets,251,window,31,polyorder,7,Efficacité,"37,6",Epochs,20
Paquets,151,window,51,polyorder,1,Efficacité,"37,5",Epochs,10
Paquets,301,window,81,polyorder,7,Efficacité,"37,4",Epochs,5
Paquets,125,window,61,polyorder,9,Efficacité,"37,2",Epochs,5
Paquets,75,window,21,polyorder,1,Efficacité,"36,9",Epochs,10
Paquets,151,window,61,polyorder,3,Efficacité,"36,9",Epochs,10
Paquets,301,window,21,polyorder,9,Efficacité,"36,8",Epochs,10
Paquets,301,window,61,polyorder,9,Efficacité,"36,8",Epochs,10
Paquets,251,window,71,polyorder,7,Efficacité,"36,6",Epochs,20
Paquets,101,window,81,polyorder,1,Efficacité,"36,5",Epochs,10
Paquets,151,window,51,polyorder,5,Efficacité,"36,5",Epochs,10
Paquets,51,window,61,polyorder,5,Efficacité,"36,3",Epochs,20
Paquets,301,window,51,polyorder,9,Efficacité,"36,3",Epochs,20
Paquets,301,window,81,polyorder,5,Efficacité,"36,3",Epochs,20
Paquets,25,window,51,polyorder,9,Efficacité,"36,2",Epochs,20
Paquets,251,window,61,polyorder,3,Efficacité,36,Epochs,5
Paquets,51,window,71,polyorder,3,Efficacité,"35,9",Epochs,10
Paquets,301,window,51,polyorder,9,Efficacité,"35,6",Epochs,10
Paquets,125,window,51,polyorder,5,Efficacité,"35,5",Epochs,5
Paquets,51,window,31,polyorder,9,Efficacité,"35,4",Epochs,10
Paquets,101,window,31,polyorder,5,Efficacité,"35,4",Epochs,20
Paquets,101,window,51,polyorder,7,Efficacité,"35,4",Epochs,5
Paquets,101,window,41,polyorder,1,Efficacité,"35,2",Epochs,5
Paquets,251,window,31,polyorder,3,Efficacité,"35,2",Epochs,10
Paquets,151,window,21,polyorder,9,Efficacité,"35,1",Epochs,10
Paquets,151,window,31,polyorder,7,Efficacité,"35,1",Epochs,20
Paquets,251,window,81,polyorder,3,Efficacité,"35,1",Epochs,5
Paquets,301,window,51,polyorder,5,Efficacité,"35,1",Epochs,20
Paquets,101,window,81,polyorder,1,Efficacité,35,Epochs,5
Paquets,125,window,21,polyorder,1,Efficacité,35,Epochs,20
Paquets,101,window,71,polyorder,9,Efficacité,"34,9",Epochs,10
Paquets,301,window,41,polyorder,7,Efficacité,"34,9",Epochs,5
Paquets,101,window,31,polyorder,7,Efficacité,"34,8",Epochs,10
Paquets,75,window,61,polyorder,3,Efficacité,"34,7",Epochs,5
Paquets,251,window,51,polyorder,3,Efficacité,"34,7",Epochs,20
Paquets,75,window,31,polyorder,9,Efficacité,"34,5",Epochs,5
Paquets,151,window,71,polyorder,5,Efficacité,"34,5",Epochs,20
Paquets,301,window,41,polyorder,1,Efficacité,"34,5",Epochs,5
Paquets,125,window,51,polyorder,1,Efficacité,"34,4",Epochs,20
Paquets,51,window,51,polyorder,3,Efficacité,"34,3",Epochs,20
Paquets,125,window,41,polyorder,9,Efficacité,"34,3",Epochs,20
Paquets,151,window,41,polyorder,1,Efficacité,"34,3",Epochs,10
Paquets,251,window,31,polyorder,1,Efficacité,"34,3",Epochs,5
Paquets,125,window,31,polyorder,5,Efficacité,"34,2",Epochs,5
Paquets,151,window,31,polyorder,7,Efficacité,"34,2",Epochs,5
Paquets,301,window,71,polyorder,3,Efficacité,"34,2",Epochs,10
Paquets,125,window,31,polyorder,3,Efficacité,"34,1",Epochs,10
Paquets,301,window,31,polyorder,9,Efficacité,"34,1",Epochs,10
Paquets,301,window,81,polyorder,9,Efficacité,"34,1",Epochs,10
Paquets,25,window,21,polyorder,3,Efficacité,34,Epochs,5
Paquets,125,window,41,polyorder,5,Efficacité,34,Epochs,20
Paquets,125,window,61,polyorder,3,Efficacité,34,Epochs,10
Paquets,125,window,81,polyorder,3,Efficacité,34,Epochs,20
Paquets,151,window,21,polyorder,7,Efficacité,34,Epochs,10
Paquets,301,window,81,polyorder,5,Efficacité,34,Epochs,5
Paquets,51,window,81,polyorder,1,Efficacité,"33,9",Epochs,10
Paquets,101,window,21,polyorder,9,Efficacité,"33,9",Epochs,20
Paquets,251,window,21,polyorder,7,Efficacité,"33,9",Epochs,5
Paquets,251,window,41,polyorder,1,Efficacité,"33,9",Epochs,10
Paquets,301,window,21,polyorder,3,Efficacité,"33,9",Epochs,10
Paquets,301,window,21,polyorder,3,Efficacité,"33,9",Epochs,20
Paquets,301,window,31,polyorder,7,Efficacité,"33,9",Epochs,10
Paquets,301,window,41,polyorder,1,Efficacité,"33,9",Epochs,20
Paquets,75,window,81,polyorder,7,Efficacité,"33,8",Epochs,5
Paquets,151,window,51,polyorder,3,Efficacité,"33,8",Epochs,20
Paquets,151,window,71,polyorder,3,Efficacité,"33,8",Epochs,20
Paquets,251,window,51,polyorder,5,Efficacité,"33,8",Epochs,5
Paquets,251,window,81,polyorder,7,Efficacité,"33,8",Epochs,5
Paquets,301,window,51,polyorder,3,Efficacité,"33,8",Epochs,20
Paquets,51,window,51,polyorder,5,Efficacité,"33,7",Epochs,20
Paquets,151,window,21,polyorder,7,Efficacité,"33,7",Epochs,20
Paquets,301,window,71,polyorder,9,Efficacité,"33,7",Epochs,5
Paquets,25,window,21,polyorder,7,Efficacité,"33,6",Epochs,20
Paquets,75,window,21,polyorder,1,Efficacité,"33,6",Epochs,20
Paquets,75,window,41,polyorder,9,Efficacité,"33,6",Epochs,20
Paquets,101,window,31,polyorder,1,Efficacité,"33,6",Epochs,5
Paquets,101,window,31,polyorder,1,Efficacité,"33,6",Epochs,20
Paquets,101,window,31,polyorder,5,Efficacité,"33,6",Epochs,10
Paquets,151,window,61,polyorder,7,Efficacité,"33,6",Epochs,5
Paquets,151,window,61,polyorder,7,Efficacité,"33,6",Epochs,20
Paquets,251,window,71,polyorder,7,Efficacité,"33,6",Epochs,5
Paquets,25,window,41,polyorder,7,Efficacité,"33,5",Epochs,20
Paquets,75,window,41,polyorder,9,Efficacité,"33,5",Epochs,10
Paquets,125,window,61,polyorder,1,Efficacité,"33,5",Epochs,5
Paquets,125,window,61,polyorder,5,Efficacité,"33,5",Epochs,20
Paquets,151,window,31,polyorder,3,Efficacité,"33,5",Epochs,10
Paquets,251,window,41,polyorder,7,Efficacité,"33,5",Epochs,20
Paquets,251,window,71,polyorder,5,Efficacité,"33,5",Epochs,5
Paquets,301,window,81,polyorder,3,Efficacité,"33,5",Epochs,10
Paquets,51,window,81,polyorder,5,Efficacité,"33,4",Epochs,10
Paquets,75,window,61,polyorder,7,Efficacité,"33,4",Epochs,10
Paquets,101,window,41,polyorder,9,Efficacité,"33,4",Epochs,10
Paquets,101,window,51,polyorder,1,Efficacité,"33,4",Epochs,10
Paquets,125,window,41,polyorder,3,Efficacité,"33,4",Epochs,20
Paquets,151,window,81,polyorder,1,Efficacité,"33,4",Epochs,5
Paquets,75,window,41,polyorder,3,Efficacité,"33,3",Epochs,10
Paquets,125,window,31,polyorder,1,Efficacité,"33,3",Epochs,10
Paquets,125,window,51,polyorder,1,Efficacité,"33,3",Epochs,10
Paquets,151,window,21,polyorder,9,Efficacité,"33,3",Epochs,5
Paquets,151,window,21,polyorder,9,Efficacité,"33,3",Epochs,20
Paquets,151,window,71,polyorder,7,Efficacité,"33,3",Epochs,5
Paquets,251,window,71,polyorder,9,Efficacité,"33,3",Epochs,20
Paquets,251,window,81,polyorder,7,Efficacité,"33,3",Epochs,10
Paquets,301,window,81,polyorder,1,Efficacité,"33,3",Epochs,5
Paquets,51,window,21,polyorder,3,Efficacité,"33,2",Epochs,20
Paquets,101,window,61,polyorder,5,Efficacité,"33,2",Epochs,10
Paquets,125,window,81,polyorder,7,Efficacité,"33,2",Epochs,10
Paquets,151,window,41,polyorder,5,Efficacité,"33,2",Epochs,5
Paquets,251,window,81,polyorder,5,Efficacité,"33,2",Epochs,20
Paquets,301,window,31,polyorder,1,Efficacité,"33,2",Epochs,10
Paquets,101,window,21,polyorder,1,Efficacité,"33,1",Epochs,20
Paquets,25,window,81,polyorder,5,Efficacité,33,Epochs,20
Paquets,51,window,21,polyorder,9,Efficacité,33,Epochs,5
Paquets,75,window,61,polyorder,5,Efficacité,33,Epochs,20
Paquets,101,window,41,polyorder,1,Efficacité,33,Epochs,10
Paquets,151,window,31,polyorder,7,Efficacité,33,Epochs,10
Paquets,151,window,71,polyorder,9,Efficacité,33,Epochs,5
Paquets,251,window,81,polyorder,9,Efficacité,33,Epochs,20
Paquets,25,window,21,polyorder,9,Efficacité,"32,9",Epochs,5
Paquets,25,window,61,polyorder,1,Efficacité,"32,9",Epochs,20
Paquets,75,window,41,polyorder,5,Efficacité,"32,9",Epochs,10
Paquets,75,window,41,polyorder,5,Efficacité,"32,9",Epochs,20
Paquets,125,window,61,polyorder,7,Efficacité,"32,9",Epochs,10
Paquets,151,window,71,polyorder,7,Efficacité,"32,9",Epochs,10
Paquets,251,window,31,polyorder,5,Efficacité,"32,9",Epochs,5
Paquets,25,window,31,polyorder,1,Efficacité,"32,8",Epochs,5
Paquets,25,window,41,polyorder,1,Efficacité,"32,8",Epochs,5
Paquets,25,window,41,polyorder,1,Efficacité,"32,8",Epochs,20
Paquets,51,window,21,polyorder,1,Efficacité,"32,8",Epochs,5
Paquets,51,window,51,polyorder,9,Efficacité,"32,8",Epochs,5
Paquets,51,window,51,polyorder,9,Efficacité,"32,8",Epochs,10
Paquets,51,window,81,polyorder,5,Efficacité,"32,8",Epochs,5
Paquets,75,window,31,polyorder,1,Efficacité,"32,8",Epochs,20
Paquets,101,window,41,polyorder,7,Efficacité,"32,8",Epochs,10
Paquets,101,window,71,polyorder,5,Efficacité,"32,8",Epochs,20
Paquets,125,window,31,polyorder,1,Efficacité,"32,8",Epochs,20
Paquets,151,window,81,polyorder,9,Efficacité,"32,8",Epochs,10
Paquets,251,window,41,polyorder,1,Efficacité,"32,8",Epochs,20
Paquets,301,window,31,polyorder,3,Efficacité,"32,8",Epochs,5
Paquets,301,window,41,polyorder,3,Efficacité,"32,8",Epochs,10
Paquets,25,window,21,polyorder,5,Efficacité,"32,7",Epochs,5
Paquets,25,window,81,polyorder,1,Efficacité,"32,7",Epochs,10
Paquets,51,window,41,polyorder,5,Efficacité,"32,7",Epochs,5
Paquets,75,window,21,polyorder,7,Efficacité,"32,7",Epochs,10
Paquets,75,window,41,polyorder,1,Efficacité,"32,7",Epochs,5
Paquets,151,window,51,polyorder,7,Efficacité,"32,7",Epochs,20
Paquets,251,window,21,polyorder,3,Efficacité,"32,7",Epochs,10
Paquets,251,window,41,polyorder,7,Efficacité,"32,7",Epochs,10
Paquets,25,window,41,polyorder,9,Efficacité,"32,6",Epochs,5
Paquets,51,window,21,polyorder,3,Efficacité,"32,6",Epochs,5
Paquets,51,window,41,polyorder,9,Efficacité,"32,6",Epochs,5
Paquets,51,window,51,polyorder,1,Efficacité,"32,6",Epochs,5
Paquets,51,window,61,polyorder,9,Efficacité,"32,6",Epochs,5
Paquets,51,window,71,polyorder,9,Efficacité,"32,6",Epochs,10
Paquets,51,window,71,polyorder,9,Efficacité,"32,6",Epochs,20
Paquets,101,window,81,polyorder,7,Efficacité,"32,6",Epochs,10
Paquets,25,window,41,polyorder,9,Efficacité,"32,5",Epochs,20
Paquets,51,window,41,polyorder,1,Efficacité,"32,5",Epochs,20
Paquets,51,window,41,polyorder,5,Efficacité,"32,5",Epochs,20
Paquets,51,window,41,polyorder,9,Efficacité,"32,5",Epochs,20
Paquets,51,window,81,polyorder,3,Efficacité,"32,5",Epochs,5
Paquets,101,window,71,polyorder,1,Efficacité,"32,5",Epochs,20
Paquets,125,window,51,polyorder,1,Efficacité,"32,5",Epochs,5
Paquets,151,window,61,polyorder,3,Efficacité,"32,5",Epochs,20
Paquets,151,window,81,polyorder,3,Efficacité,"32,5",Epochs,20
Paquets,251,window,31,polyorder,9,Efficacité,"32,5",Epochs,5
Paquets,251,window,51,polyorder,9,Efficacité,"32,5",Epochs,5
Paquets,251,window,51,polyorder,9,Efficacité,"32,5",Epochs,20
Paquets,25,window,31,polyorder,3,Efficacité,"32,4",Epochs,5
Paquets,25,window,81,polyorder,9,Efficacité,"32,4",Epochs,10
Paquets,51,window,51,polyorder,9,Efficacité,"32,4",Epochs,20
Paquets,75,window,31,polyorder,3,Efficacité,"32,4",Epochs,20
Paquets,75,window,61,polyorder,1,Efficacité,"32,4",Epochs,10
Paquets,75,window,81,polyorder,5,Efficacité,"32,4",Epochs,5
Paquets,101,window,61,polyorder,1,Efficacité,"32,4",Epochs,5
Paquets,101,window,61,polyorder,3,Efficacité,"32,4",Epochs,20
Paquets,125,window,81,polyorder,5,Efficacité,"32,4",Epochs,20
Paquets,151,window,31,polyorder,5,Efficacité,"32,4",Epochs,20
Paquets,151,window,61,polyorder,5,Efficacité,"32,4",Epochs,20
Paquets,151,window,71,polyorder,5,Efficacité,"32,4",Epochs,10
Paquets,151,window,71,polyorder,9,Efficacité,"32,4",Epochs,20
Paquets,251,window,61,polyorder,1,Efficacité,"32,4",Epochs,10
Paquets,251,window,61,polyorder,3,Efficacité,"32,4",Epochs,10
Paquets,51,window,31,polyorder,5,Efficacité,"32,3",Epochs,10
Paquets,51,window,61,polyorder,5,Efficacité,"32,3",Epochs,10
Paquets,51,window,71,polyorder,5,Efficacité,"32,3",Epochs,20
Paquets,75,window,21,polyorder,5,Efficacité,"32,3",Epochs,10
Paquets,75,window,61,polyorder,3,Efficacité,"32,3",Epochs,20
Paquets,125,window,41,polyorder,5,Efficacité,"32,3",Epochs,10
Paquets,151,window,21,polyorder,3,Efficacité,"32,3",Epochs,5
Paquets,251,window,21,polyorder,3,Efficacité,"32,3",Epochs,20
Paquets,251,window,41,polyorder,9,Efficacité,"32,3",Epochs,20
Paquets,251,window,51,polyorder,7,Efficacité,"32,3",Epochs,20
Paquets,25,window,21,polyorder,3,Efficacité,"32,2",Epochs,20
Paquets,25,window,71,polyorder,3,Efficacité,"32,2",Epochs,5
Paquets,51,window,71,polyorder,5,Efficacité,"32,2",Epochs,10
Paquets,75,window,71,polyorder,5,Efficacité,"32,2",Epochs,5
Paquets,75,window,81,polyorder,3,Efficacité,"32,2",Epochs,5
Paquets,101,window,51,polyorder,5,Efficacité,"32,2",Epochs,20
Paquets,125,window,61,polyorder,7,Efficacité,"32,2",Epochs,20
Paquets,125,window,71,polyorder,1,Efficacité,"32,2",Epochs,5
Paquets,125,window,81,polyorder,7,Efficacité,"32,2",Epochs,20
Paquets,301,window,51,polyorder,9,Efficacité,"32,2",Epochs,5
Paquets,301,window,81,polyorder,1,Efficacité,"32,2",Epochs,10
Paquets,301,window,81,polyorder,1,Efficacité,"32,2",Epochs,20
Paquets,25,window,51,polyorder,9,Efficacité,"32,1",Epochs,5
Paquets,51,window,41,polyorder,3,Efficacité,"32,1",Epochs,5
Paquets,51,window,51,polyorder,5,Efficacité,"32,1",Epochs,5
Paquets,75,window,71,polyorder,3,Efficacité,"32,1",Epochs,5
Paquets,101,window,81,polyorder,7,Efficacité,"32,1",Epochs,20
Paquets,101,window,81,polyorder,9,Efficacité,"32,1",Epochs,5
Paquets,151,window,31,polyorder,9,Efficacité,"32,1",Epochs,10
Paquets,151,window,81,polyorder,3,Efficacité,"32,1",Epochs,5
Paquets,301,window,21,polyorder,1,Efficacité,"32,1",Epochs,5
Paquets,51,window,31,polyorder,9,Efficacité,32,Epochs,20
Paquets,51,window,61,polyorder,1,Efficacité,32,Epochs,10
Paquets,51,window,81,polyorder,1,Efficacité,32,Epochs,20
Paquets,51,window,81,polyorder,9,Efficacité,32,Epochs,10
Paquets,75,window,31,polyorder,7,Efficacité,32,Epochs,20
Paquets,101,window,31,polyorder,3,Efficacité,32,Epochs,10
Paquets,101,window,61,polyorder,9,Efficacité,32,Epochs,5
Paquets,101,window,61,polyorder,9,Efficacité,32,Epochs,20
Paquets,125,window,31,polyorder,3,Efficacité,32,Epochs,20
Paquets,125,window,71,polyorder,5,Efficacité,32,Epochs,20
Paquets,251,window,71,polyorder,3,Efficacité,32,Epochs,10
Paquets,251,window,71,polyorder,5,Efficacité,32,Epochs,10
Paquets,25,window,21,polyorder,7,Efficacité,"31,9",Epochs,10
Paquets,75,window,41,polyorder,3,Efficacité,"31,9",Epochs,20
Paquets,75,window,81,polyorder,9,Efficacité,"31,9",Epochs,5
Paquets,125,window,51,polyorder,7,Efficacité,"31,9",Epochs,20
Paquets,251,window,31,polyorder,3,Efficacité,"31,9",Epochs,20
Paquets,301,window,41,polyorder,9,Efficacité,"31,9",Epochs,20
Paquets,301,window,61,polyorder,7,Efficacité,"31,9",Epochs,5
Paquets,301,window,61,polyorder,7,Efficacité,"31,9",Epochs,10
Paquets,25,window,31,polyorder,9,Efficacité,"31,8",Epochs,20
Paquets,75,window,71,polyorder,1,Efficacité,"31,8",Epochs,5
Paquets,125,window,81,polyorder,1,Efficacité,"31,8",Epochs,10
Paquets,151,window,21,polyorder,5,Efficacité,"31,8",Epochs,20
Paquets,151,window,61,polyorder,7,Efficacité,"31,8",Epochs,10
Paquets,25,window,71,polyorder,7,Efficacité,"31,7",Epochs,10
Paquets,101,window,21,polyorder,5,Efficacité,"31,7",Epochs,20
Paquets,125,window,51,polyorder,9,Efficacité,"31,7",Epochs,20
Paquets,125,window,81,polyorder,9,Efficacité,"31,7",Epochs,20
Paquets,151,window,71,polyorder,3,Efficacité,"31,7",Epochs,10
Paquets,51,window,21,polyorder,3,Efficacité,"31,6",Epochs,10
Paquets,101,window,71,polyorder,7,Efficacité,"31,6",Epochs,20
Paquets,151,window,41,polyorder,3,Efficacité,"31,6",Epochs,20
Paquets,301,window,31,polyorder,1,Efficacité,"31,6",Epochs,5
Paquets,125,window,41,polyorder,7,Efficacité,"31,5",Epochs,5
Paquets,125,window,41,polyorder,7,Efficacité,"31,5",Epochs,20
Paquets,151,window,41,polyorder,3,Efficacité,"31,5",Epochs,10
Paquets,151,window,41,polyorder,7,Efficacité,"31,5",Epochs,5
Paquets,301,window,71,polyorder,5,Efficacité,"31,5",Epochs,20
Paquets,301,window,71,polyorder,7,Efficacité,"31,5",Epochs,10
Paquets,101,window,51,polyorder,7,Efficacité,"31,4",Epochs,10
Paquets,301,window,21,polyorder,7,Efficacité,"31,4",Epochs,20
Paquets,301,window,41,polyorder,7,Efficacité,"31,3",Epochs,20
Paquets,301,window,41,polyorder,9,Efficacité,"31,3",Epochs,5
Paquets,301,window,41,polyorder,9,Efficacité,"31,3",Epochs,10
Paquets,125,window,21,polyorder,3,Efficacité,"31,2",Epochs,5
Paquets,251,window,51,polyorder,7,Efficacité,"31,2",Epochs,10
Paquets,51,window,31,polyorder,1,Efficacité,"31,1",Epochs,10
Paquets,51,window,31,polyorder,9,Efficacité,"31,1",Epochs,5
Paquets,125,window,71,polyorder,3,Efficacité,"31,1",Epochs,20
Paquets,251,window,31,polyorder,7,Efficacité,"31,1",Epochs,5
Paquets,251,window,71,polyorder,7,Efficacité,"31,1",Epochs,10
Paquets,51,window,21,polyorder,9,Efficacité,31,Epochs,10
Paquets,75,window,51,polyorder,9,Efficacité,31,Epochs,5
Paquets,125,window,31,polyorder,1,Efficacité,31,Epochs,5
Paquets,301,window,71,polyorder,7,Efficacité,31,Epochs,5
Paquets,75,window,41,polyorder,7,Efficacité,"30,9",Epochs,5
Paquets,301,window,21,polyorder,9,Efficacité,"30,9",Epochs,5
Paquets,101,window,71,polyorder,5,Efficacité,"30,8",Epochs,5
Paquets,251,window,21,polyorder,1,Efficacité,"30,8",Epochs,5
Paquets,301,window,31,polyorder,9,Efficacité,"30,8",Epochs,5
Paquets,301,window,51,polyorder,1,Efficacité,"30,8",Epochs,10
Paquets,101,window,71,polyorder,3,Efficacité,"30,7",Epochs,20
Paquets,301,window,41,polyorder,3,Efficacité,"30,7",Epochs,5
Paquets,101,window,21,polyorder,9,Efficacité,"30,6",Epochs,5
Paquets,151,window,41,polyorder,7,Efficacité,"30,6",Epochs,20
Paquets,301,window,41,polyorder,5,Efficacité,"30,6",Epochs,10
Paquets,125,window,31,polyorder,3,Efficacité,"30,5",Epochs,5
Paquets,125,window,51,polyorder,3,Efficacité,"30,5",Epochs,5
Paquets,25,window,51,polyorder,1,Efficacité,"30,4",Epochs,10
Paquets,151,window,51,polyorder,9,Efficacité,"30,4",Epochs,5
Paquets,251,window,61,polyorder,9,Efficacité,"30,4",Epochs,20
Paquets,301,window,21,polyorder,7,Efficacité,"30,4",Epochs,5
Paquets,101,window,61,polyorder,5,Efficacité,"30,3",Epochs,5
Paquets,125,window,21,polyorder,3,Efficacité,"30,3",Epochs,20
Paquets,125,window,71,polyorder,1,Efficacité,"30,3",Epochs,20
Paquets,301,window,61,polyorder,1,Efficacité,"30,3",Epochs,10
Paquets,301,window,61,polyorder,7,Efficacité,"30,3",Epochs,20
Paquets,51,window,71,polyorder,1,Efficacité,"30,2",Epochs,10
Paquets,125,window,81,polyorder,3,Efficacité,"30,2",Epochs,5
Paquets,51,window,81,polyorder,9,Efficacité,"30,1",Epochs,20
Paquets,301,window,21,polyorder,7,Efficacité,"30,1",Epochs,10
Paquets,151,window,31,polyorder,1,Efficacité,30,Epochs,20
Paquets,151,window,71,polyorder,1,Efficacité,30,Epochs,20
Paquets,251,window,61,polyorder,5,Efficacité,30,Epochs,10
Paquets,51,window,71,polyorder,3,Efficacité,"29,8",Epochs,5
Paquets,101,window,71,polyorder,1,Efficacité,"29,8",Epochs,10
Paquets,25,window,51,polyorder,3,Efficacité,"29,7",Epochs,20
Paquets,51,window,81,polyorder,7,Efficacité,"29,7",Epochs,5
Paquets,151,window,81,polyorder,1,Efficacité,"29,7",Epochs,20
Paquets,151,window,81,polyorder,5,Efficacité,"29,7",Epochs,20
Paquets,301,window,51,polyorder,3,Efficacité,"29,7",Epochs,5
Paquets,301,window,81,polyorder,3,Efficacité,"29,7",Epochs,5
Paquets,25,window,61,polyorder,5,Efficacité,"29,6",Epochs,5
Paquets,151,window,61,polyorder,3,Efficacité,"29,6",Epochs,5
Paquets,125,window,71,polyorder,3,Efficacité,"29,5",Epochs,5
Paquets,251,window,61,polyorder,9,Efficacité,"29,5",Epochs,10
Paquets,301,window,61,polyorder,3,Efficacité,"29,5",Epochs,20
Paquets,25,window,51,polyorder,5,Efficacité,"29,3",Epochs,20
Paquets,75,window,21,polyorder,5,Efficacité,"29,3",Epochs,5
Paquets,125,window,41,polyorder,7,Efficacité,"29,1",Epochs,10
Paquets,25,window,61,polyorder,3,Efficacité,"28,9",Epochs,20
Paquets,151,window,41,polyorder,5,Efficacité,"28,9",Epochs,20
Paquets,251,window,41,polyorder,3,Efficacité,"28,8",Epochs,5
Paquets,51,window,41,polyorder,7,Efficacité,"28,7",Epochs,20
Paquets,51,window,41,polyorder,9,Efficacité,"28,7",Epochs,10
Paquets,75,window,81,polyorder,5,Efficacité,"28,7",Epochs,10
Paquets,25,window,81,polyorder,5,Efficacité,"28,6",Epochs,10
Paquets,75,window,51,polyorder,3,Efficacité,"28,5",Epochs,5
Paquets,101,window,51,polyorder,9,Efficacité,"28,5",Epochs,20
Paquets,151,window,61,polyorder,1,Efficacité,"28,5",Epochs,10
Paquets,125,window,51,polyorder,5,Efficacité,"28,4",Epochs,20
Paquets,51,window,31,polyorder,5,Efficacité,"28,3",Epochs,5
Paquets,301,window,21,polyorder,1,Efficacité,"28,3",Epochs,10
Paquets,101,window,41,polyorder,9,Efficacité,"28,2",Epochs,5
Paquets,301,window,21,polyorder,1,Efficacité,"27,9",Epochs,20
Paquets,101,window,61,polyorder,3,Efficacité,"27,8",Epochs,10
Paquets,101,window,81,polyorder,3,Efficacité,"27,8",Epochs,20
Paquets,125,window,81,polyorder,1,Efficacité,"27,6",Epochs,5
Paquets,251,window,21,polyorder,3,Efficacité,"27,6",Epochs,5
Paquets,301,window,81,polyorder,3,Efficacité,"27,6",Epochs,20
Paquets,25,window,31,polyorder,7,Efficacité,"27,5",Epochs,10
Paquets,151,window,41,polyorder,1,Efficacité,"27,5",Epochs,20
Paquets,251,window,51,polyorder,7,Efficacité,"27,5",Epochs,5
Paquets,251,window,51,polyorder,1,Efficacité,"27,1",Epochs,10
Paquets,101,window,31,polyorder,9,Efficacité,"26,9",Epochs,20
Paquets,101,window,51,polyorder,7,Efficacité,"26,9",Epochs,20
Paquets,125,window,41,polyorder,5,Efficacité,"26,8",Epochs,5
Paquets,251,window,81,polyorder,1,Efficacité,"26,8",Epochs,10
Paquets,125,window,21,polyorder,7,Efficacité,"26,5",Epochs,5
Paquets,151,window,61,polyorder,9,Efficacité,"26,3",Epochs,20
Paquets,151,window,61,polyorder,9,Efficacité,"26,2",Epochs,10
Paquets,251,window,81,polyorder,1,Efficacité,"26,2",Epochs,5
Paquets,75,window,81,polyorder,5,Efficacité,26,Epochs,20
Paquets,75,window,51,polyorder,7,Efficacité,"25,7",Epochs,5
Paquets,125,window,81,polyorder,3,Efficacité,"25,6",Epochs,10
Paquets,301,window,71,polyorder,9,Efficacité,"25,6",Epochs,10
Paquets,301,window,81,polyorder,9,Efficacité,"25,6",Epochs,20
Paquets,301,window,51,polyorder,1,Efficacité,"25,5",Epochs,20
Paquets,101,window,61,polyorder,7,Efficacité,"25,4",Epochs,20
Paquets,151,window,81,polyorder,7,Efficacité,"25,4",Epochs,10
Paquets,75,window,61,polyorder,9,Efficacité,"25,2",Epochs,5
Paquets,125,window,81,polyorder,1,Efficacité,"25,1",Epochs,20
Paquets,25,window,61,polyorder,7,Efficacité,25,Epochs,5
Paquets,75,window,31,polyorder,1,Efficacité,"24,9",Epochs,5
Paquets,251,window,61,polyorder,7,Efficacité,"24,7",Epochs,5
Paquets,75,window,21,polyorder,3,Efficacité,"24,5",Epochs,5
Paquets,101,window,61,polyorder,7,Efficacité,"24,5",Epochs,10
Paquets,51,window,61,polyorder,3,Efficacité,"24,3",Epochs,5
Paquets,301,window,71,polyorder,1,Efficacité,"24,2",Epochs,10
Paquets,51,window,31,polyorder,3,Efficacité,"24,1",Epochs,20
Paquets,301,window,41,polyorder,3,Efficacité,"24,1",Epochs,20
Paquets,301,window,51,polyorder,7,Efficacité,"24,1",Epochs,5
Paquets,25,window,61,polyorder,9,Efficacité,"23,8",Epochs,10
Paquets,51,window,41,polyorder,5,Efficacité,"23,8",Epochs,10
Paquets,125,window,81,polyorder,7,Efficacité,"23,8",Epochs,5
Paquets,101,window,71,polyorder,7,Efficacité,"23,7",Epochs,10
Paquets,125,window,61,polyorder,1,Efficacité,"23,7",Epochs,20
Paquets,251,window,31,polyorder,9,Efficacité,"23,7",Epochs,20
Paquets,301,window,21,polyorder,5,Efficacité,"23,7",Epochs,20
Paquets,75,window,31,polyorder,5,Efficacité,"23,5",Epochs,20
Paquets,101,window,21,polyorder,1,Efficacité,"23,5",Epochs,10
Paquets,101,window,61,polyorder,5,Efficacité,"23,3",Epochs,20
Paquets,251,window,61,polyorder,1,Efficacité,23,Epochs,20
Paquets,125,window,51,polyorder,7,Efficacité,"22,9",Epochs,5
Paquets,51,window,41,polyorder,7,Efficacité,"22,8",Epochs,10
Paquets,101,window,61,polyorder,1,Efficacité,"22,8",Epochs,20
Paquets,25,window,51,polyorder,3,Efficacité,"22,7",Epochs,5
Paquets,25,window,21,polyorder,9,Efficacité,"22,5",Epochs,10
Paquets,151,window,41,polyorder,9,Efficacité,"22,5",Epochs,20
Paquets,75,window,61,polyorder,1,Efficacité,"22,4",Epochs,20
Paquets,25,window,31,polyorder,5,Efficacité,"22,2",Epochs,20
Paquets,51,window,31,polyorder,1,Efficacité,22,Epochs,20
Paquets,75,window,81,polyorder,9,Efficacité,"21,9",Epochs,20
Paquets,125,window,71,polyorder,9,Efficacité,"21,9",Epochs,20
Paquets,51,window,61,polyorder,3,Efficacité,"21,8",Epochs,20
Paquets,301,window,81,polyorder,9,Efficacité,"21,8",Epochs,5
Paquets,75,window,71,polyorder,5,Efficacité,"21,7",Epochs,10
Paquets,151,window,51,polyorder,1,Efficacité,"21,4",Epochs,5
Paquets,251,window,31,polyorder,7,Efficacité,"21,4",Epochs,10
Paquets,301,window,41,polyorder,5,Efficacité,"21,4",Epochs,20
Paquets,101,window,21,polyorder,3,Efficacité,"21,1",Epochs,10
Paquets,25,window,71,polyorder,1,Efficacité,"20,8",Epochs,20
Paquets,51,window,51,polyorder,7,Efficacité,"20,7",Epochs,5
Paquets,101,window,81,polyorder,9,Efficacité,"20,6",Epochs,20
Paquets,125,window,71,polyorder,7,Efficacité,"20,6",Epochs,5
Paquets,251,window,41,polyorder,5,Efficacité,"20,6",Epochs,5
Paquets,75,window,71,polyorder,7,Efficacité,"20,5",Epochs,5
Paquets,75,window,71,polyorder,7,Efficacité,"20,5",Epochs,10
Paquets,125,window,21,polyorder,5,Efficacité,"20,5",Epochs,5
Paquets,251,window,31,polyorder,5,Efficacité,"20,5",Epochs,10
Paquets,101,window,31,polyorder,7,Efficacité,"20,3",Epochs,5
Paquets,151,window,21,polyorder,5,Efficacité,"20,3",Epochs,10
Paquets,51,window,31,polyorder,3,Efficacité,"20,2",Epochs,10
Paquets,75,window,21,polyorder,1,Efficacité,"20,2",Epochs,5
Paquets,125,window,71,polyorder,3,Efficacité,"20,2",Epochs,10
Paquets,75,window,51,polyorder,7,Efficacité,"20,1",Epochs,10
Paquets,101,window,41,polyorder,1,Efficacité,"20,1",Epochs,20
Paquets,125,window,71,polyorder,7,Efficacité,"20,1",Epochs,20
Paquets,51,window,61,polyorder,7,Efficacité,20,Epochs,5
Paquets,125,window,61,polyorder,9,Efficacité,20,Epochs,20
Paquets,301,window,31,polyorder,3,Efficacité,20,Epochs,20
Paquets,101,window,41,polyorder,3,Efficacité,"19,9",Epochs,20
Paquets,125,window,41,polyorder,9,Efficacité,"19,9",Epochs,10
Paquets,301,window,51,polyorder,1,Efficacité,"19,9",Epochs,5
Paquets,301,window,51,polyorder,5,Efficacité,"19,9",Epochs,5
Paquets,251,window,71,polyorder,5,Efficacité,"19,8",Epochs,20
Paquets,251,window,71,polyorder,1,Efficacité,"19,7",Epochs,20
Paquets,251,window,81,polyorder,5,Efficacité,"19,7",Epochs,5
Paquets,301,window,71,polyorder,5,Efficacité,"19,7",Epochs,5
Paquets,301,window,71,polyorder,5,Efficacité,"19,7",Epochs,10
Paquets,51,window,61,polyorder,7,Efficacité,"19,6",Epochs,10
Paquets,101,window,51,polyorder,5,Efficacité,"19,6",Epochs,5
Paquets,125,window,41,polyorder,1,Efficacité,"19,6",Epochs,5
Paquets,251,window,61,polyorder,7,Efficacité,"19,6",Epochs,20
Paquets,101,window,51,polyorder,3,Efficacité,"19,5",Epochs,20
Paquets,251,window,21,polyorder,9,Efficacité,"19,5",Epochs,10
Paquets,251,window,31,polyorder,5,Efficacité,"19,5",Epochs,20
Paquets,251,window,81,polyorder,1,Efficacité,"19,5",Epochs,20
Paquets,75,window,31,polyorder,9,Efficacité,"19,4",Epochs,10
Paquets,75,window,61,polyorder,3,Efficacité,"19,4",Epochs,10
Paquets,101,window,41,polyorder,5,Efficacité,"19,4",Epochs,10
Paquets,125,window,31,polyorder,9,Efficacité,"19,4",Epochs,10
Paquets,125,window,61,polyorder,9,Efficacité,"19,4",Epochs,10
Paquets,75,window,41,polyorder,1,Efficacité,"19,3",Epochs,10
Paquets,101,window,31,polyorder,9,Efficacité,"19,3",Epochs,5
Paquets,101,window,81,polyorder,9,Efficacité,"19,3",Epochs,10
Paquets,151,window,51,polyorder,1,Efficacité,"19,3",Epochs,20
Paquets,301,window,71,polyorder,7,Efficacité,"19,3",Epochs,20
Paquets,25,window,51,polyorder,5,Efficacité,"19,2",Epochs,5
Paquets,51,window,51,polyorder,1,Efficacité,"19,2",Epochs,10
Paquets,75,window,61,polyorder,9,Efficacité,"19,2",Epochs,20
Paquets,151,window,41,polyorder,1,Efficacité,"19,2",Epochs,5
Paquets,51,window,41,polyorder,1,Efficacité,"19,1",Epochs,10
Paquets,75,window,21,polyorder,7,Efficacité,"19,1",Epochs,5
Paquets,75,window,21,polyorder,7,Efficacité,"19,1",Epochs,20
Paquets,75,window,51,polyorder,5,Efficacité,"19,1",Epochs,20
Paquets,251,window,51,polyorder,1,Efficacité,"19,1",Epochs,5
Paquets,25,window,21,polyorder,7,Efficacité,19,Epochs,5
Paquets,25,window,41,polyorder,9,Efficacité,19,Epochs,10
Paquets,75,window,51,polyorder,9,Efficacité,19,Epochs,10
Paquets,101,window,31,polyorder,1,Efficacité,19,Epochs,10
Paquets,101,window,31,polyorder,9,Efficacité,19,Epochs,10
Paquets,101,window,41,polyorder,3,Efficacité,19,Epochs,5
Paquets,101,window,41,polyorder,3,Efficacité,19,Epochs,10
Paquets,101,window,81,polyorder,5,Efficacité,19,Epochs,20
Paquets,151,window,41,polyorder,9,Efficacité,19,Epochs,5
Paquets,151,window,51,polyorder,9,Efficacité,19,Epochs,10
Paquets,251,window,31,polyorder,3,Efficacité,19,Epochs,5
Paquets,25,window,41,polyorder,3,Efficacité,"18,9",Epochs,10
Paquets,25,window,81,polyorder,5,Efficacité,"18,9",Epochs,5
Paquets,75,window,41,polyorder,9,Efficacité,"18,9",Epochs,5
Paquets,151,window,31,polyorder,5,Efficacité,"18,9",Epochs,10
Paquets,151,window,41,polyorder,3,Efficacité,"18,9",Epochs,5
Paquets,151,window,31,polyorder,1,Efficacité,"18,8",Epochs,5
Paquets,151,window,31,polyorder,1,Efficacité,"18,8",Epochs,10
Paquets,151,window,31,polyorder,5,Efficacité,"18,8",Epochs,5
Paquets,251,window,81,polyorder,7,Efficacité,"18,8",Epochs,20
Paquets,301,window,41,polyorder,7,Efficacité,"18,8",Epochs,10
Paquets,301,window,61,polyorder,3,Efficacité,"18,8",Epochs,5
Paquets,51,window,61,polyorder,5,Efficacité,"18,7",Epochs,5
Paquets,125,window,31,polyorder,7,Efficacité,"18,7",Epochs,20
Paquets,125,window,41,polyorder,9,Efficacité,"18,7",Epochs,5
Paquets,125,window,81,polyorder,5,Efficacité,"18,7",Epochs,5
Paquets,25,window,21,polyorder,1,Efficacité,"18,6",Epochs,10
Paquets,125,window,21,polyorder,5,Efficacité,"18,6",Epochs,20
Paquets,151,window,21,polyorder,7,Efficacité,"18,6",Epochs,5
Paquets,251,window,61,polyorder,3,Efficacité,"18,6",Epochs,20
Paquets,301,window,81,polyorder,7,Efficacité,"18,6",Epochs,10
Paquets,25,window,21,polyorder,1,Efficacité,"18,5",Epochs,20
Paquets,51,window,71,polyorder,7,Efficacité,"18,5",Epochs,20
Paquets,75,window,71,polyorder,9,Efficacité,"18,5",Epochs,5
Paquets,75,window,71,polyorder,9,Efficacité,"18,5",Epochs,20
Paquets,101,window,81,polyorder,3,Efficacité,"18,5",Epochs,5
Paquets,101,window,51,polyorder,1,Efficacité,"18,4",Epochs,5
Paquets,125,window,71,polyorder,9,Efficacité,"18,4",Epochs,10
Paquets,151,window,81,polyorder,1,Efficacité,"18,4",Epochs,10
Paquets,251,window,21,polyorder,1,Efficacité,"18,4",Epochs,10
Paquets,251,window,51,polyorder,5,Efficacité,"18,4",Epochs,10
Paquets,25,window,21,polyorder,9,Efficacité,"18,3",Epochs,20
Paquets,75,window,31,polyorder,9,Efficacité,"18,3",Epochs,20
Paquets,101,window,81,polyorder,7,Efficacité,"18,3",Epochs,5
Paquets,125,window,61,polyorder,3,Efficacité,"18,3",Epochs,20
Paquets,51,window,61,polyorder,9,Efficacité,"18,2",Epochs,20
Paquets,51,window,71,polyorder,7,Efficacité,"18,2",Epochs,5
Paquets,101,window,31,polyorder,5,Efficacité,"18,2",Epochs,5
Paquets,125,window,31,polyorder,5,Efficacité,"18,1",Epochs,10
Paquets,151,window,81,polyorder,7,Efficacité,"18,1",Epochs,20
Paquets,251,window,21,polyorder,5,Efficacité,"18,1",Epochs,5
Paquets,301,window,21,polyorder,9,Efficacité,"18,1",Epochs,20
Paquets,301,window,31,polyorder,7,Efficacité,"18,1",Epochs,20
Paquets,125,window,21,polyorder,1,Efficacité,18,Epochs,5
Paquets,151,window,21,polyorder,1,Efficacité,18,Epochs,20
Paquets,151,window,71,polyorder,9,Efficacité,18,Epochs,10
Paquets,151,window,31,polyorder,3,Efficacité,"17,9",Epochs,5
Paquets,51,window,51,polyorder,1,Efficacité,"17,8",Epochs,20
Paquets,75,window,21,polyorder,9,Efficacité,"17,8",Epochs,10
Paquets,151,window,81,polyorder,9,Efficacité,"17,8",Epochs,5
Paquets,151,window,81,polyorder,3,Efficacité,"17,7",Epochs,10
Paquets,51,window,81,polyorder,3,Efficacité,"17,6",Epochs,10
Paquets,51,window,81,polyorder,3,Efficacité,"17,6",Epochs,20
Paquets,75,window,51,polyorder,1,Efficacité,"17,6",Epochs,5
Paquets,251,window,41,polyorder,7,Efficacité,"17,6",Epochs,5
Paquets,75,window,41,polyorder,5,Efficacité,"17,5",Epochs,5
Paquets,75,window,61,polyorder,1,Efficacité,"17,5",Epochs,5
Paquets,151,window,61,polyorder,5,Efficacité,"17,5",Epochs,5
Paquets,151,window,71,polyorder,5,Efficacité,"17,4",Epochs,5
Paquets,25,window,51,polyorder,7,Efficacité,"17,3",Epochs,5
Paquets,51,window,31,polyorder,3,Efficacité,"17,3",Epochs,5
Paquets,251,window,51,polyorder,5,Efficacité,"17,2",Epochs,20
Paquets,301,window,31,polyorder,5,Efficacité,"17,2",Epochs,5
Paquets,301,window,31,polyorder,5,Efficacité,"17,2",Epochs,10
Paquets,151,window,61,polyorder,5,Efficacité,17,Epochs,10
Paquets,151,window,81,polyorder,5,Efficacité,17,Epochs,5
Paquets,101,window,21,polyorder,7,Efficacité,"16,9",Epochs,10
Paquets,125,window,51,polyorder,7,Efficacité,"16,9",Epochs,10
Paquets,301,window,61,polyorder,1,Efficacité,"16,8",Epochs,5
Paquets,301,window,61,polyorder,1,Efficacité,"16,8",Epochs,20
Paquets,125,window,21,polyorder,9,Efficacité,"16,6",Epochs,10
Paquets,101,window,21,polyorder,9,Efficacité,"16,3",Epochs,10
Paquets,301,window,71,polyorder,9,Efficacité,"16,2",Epochs,20
Paquets,25,window,71,polyorder,1,Efficacité,"15,7",Epochs,5
Paquets,251,window,21,polyorder,7,Efficacité,"15,7",Epochs,20
Paquets,301,window,31,polyorder,9,Efficacité,"15,7",Epochs,20
Paquets,125,window,51,polyorder,3,Efficacité,"15,6",Epochs,20
Paquets,301,window,61,polyorder,9,Efficacité,"15,6",Epochs,5
Paquets,25,window,31,polyorder,3,Efficacité,"15,5",Epochs,20
Paquets,25,window,41,polyorder,5,Efficacité,"15,4",Epochs,5
Paquets,125,window,21,polyorder,5,Efficacité,"15,4",Epochs,10
Paquets,125,window,61,polyorder,7,Efficacité,"15,3",Epochs,5
Paquets,51,window,61,polyorder,7,Efficacité,"15,1",Epochs,20
Paquets,75,window,51,polyorder,5,Efficacité,15,Epochs,5
Paquets,51,window,51,polyorder,3,Efficacité,"14,7",Epochs,10
Paquets,251,window,81,polyorder,5,Efficacité,"14,7",Epochs,10
Paquets,301,window,21,polyorder,3,Efficacité,"14,5",Epochs,5
Paquets,251,window,61,polyorder,1,Efficacité,"14,4",Epochs,5
Paquets,151,window,61,polyorder,1,Efficacité,"14,3",Epochs,5
Paquets,251,window,51,polyorder,3,Efficacité,"14,2",Epochs,5
Paquets,101,window,51,polyorder,9,Efficacité,"14,1",Epochs,5
Paquets,151,window,21,polyorder,1,Efficacité,"13,9",Epochs,10
Paquets,101,window,51,polyorder,1,Efficacité,"13,4",Epochs,20
Paquets,251,window,41,polyorder,3,Efficacité,"12,8",Epochs,20
Paquets,125,window,21,polyorder,7,Efficacité,"12,7",Epochs,20
Paquets,125,window,21,polyorder,9,Efficacité,"12,7",Epochs,20
Paquets,125,window,51,polyorder,3,Efficacité,"12,7",Epochs,10
Paquets,51,window,61,polyorder,3,Efficacité,"12,6",Epochs,10
Paquets,151,window,71,polyorder,3,Efficacité,"12,6",Epochs,5
Paquets,301,window,71,polyorder,3,Efficacité,"12,6",Epochs,5
Paquets,25,window,81,polyorder,7,Efficacité,"12,4",Epochs,10
Paquets,75,window,61,polyorder,7,Efficacité,"12,3",Epochs,5
Paquets,75,window,71,polyorder,5,Efficacité,"12,2",Epochs,20
Paquets,51,window,51,polyorder,7,Efficacité,"11,9",Epochs,20
Paquets,125,window,31,polyorder,9,Efficacité,"11,9",Epochs,5
Paquets,151,window,31,polyorder,9,Efficacité,"11,8",Epochs,5
Paquets,75,window,31,polyorder,3,Efficacité,"11,7",Epochs,10
Paquets,51,window,21,polyorder,5,Efficacité,"11,6",Epochs,5
Paquets,251,window,81,polyorder,3,Efficacité,"11,6",Epochs,20
Paquets,25,window,61,polyorder,5,Efficacité,"11,3",Epochs,20
Paquets,25,window,71,polyorder,7,Efficacité,"11,3",Epochs,20
Paquets,251,window,71,polyorder,9,Efficacité,"11,3",Epochs,5
Paquets,301,window,51,polyorder,5,Efficacité,"11,3",Epochs,10
Paquets,51,window,71,polyorder,9,Efficacité,11,Epochs,5
Paquets,101,window,51,polyorder,5,Efficacité,11,Epochs,10
Paquets,101,window,81,polyorder,5,Efficacité,11,Epochs,10
Paquets,301,window,51,polyorder,7,Efficacité,"10,9",Epochs,10
Paquets,301,window,61,polyorder,5,Efficacité,"10,9",Epochs,5
Paquets,151,window,51,polyorder,5,Efficacité,"10,8",Epochs,20
Paquets,151,window,71,polyorder,1,Efficacité,"10,8",Epochs,10
Paquets,151,window,81,polyorder,7,Efficacité,"10,8",Epochs,5
Paquets,25,window,81,polyorder,1,Efficacité,"10,6",Epochs,5
Paquets,51,window,81,polyorder,5,Efficacité,"10,4",Epochs,20
Paquets,25,window,61,polyorder,7,Efficacité,"10,3",Epochs,10
Paquets,251,window,21,polyorder,1,Efficacité,"10,3",Epochs,20
Paquets,251,window,21,polyorder,5,Efficacité,"10,2",Epochs,10
Paquets,125,window,71,polyorder,7,Efficacité,"9,9",Epochs,10
Paquets,75,window,81,polyorder,7,Efficacité,"9,8",Epochs,10
Paquets,101,window,21,polyorder,3,Efficacité,"9,8",Epochs,20
Paquets,151,window,41,polyorder,9,Efficacité,"9,8",Epochs,10
Paquets,51,window,61,polyorder,1,Efficacité,"9,7",Epochs,5
Paquets,75,window,81,polyorder,3,Efficacité,"9,7",Epochs,20
Paquets,251,window,31,polyorder,1,Efficacité,"9,7",Epochs,10
Paquets,25,window,51,polyorder,1,Efficacité,"9,6",Epochs,5
Paquets,75,window,51,polyorder,1,Efficacité,"9,6",Epochs,20
Paquets,101,window,21,polyorder,7,Efficacité,"9,6",Epochs,20
Paquets,301,window,31,polyorder,5,Efficacité,"9,6",Epochs,20
Paquets,25,window,41,polyorder,3,Efficacité,"9,5",Epochs,5
Paquets,125,window,71,polyorder,1,Efficacité,"9,5",Epochs,10
Paquets,125,window,71,polyorder,5,Efficacité,"9,5",Epochs,5
Paquets,301,window,21,polyorder,5,Efficacité,"9,5",Epochs,5
Paquets,25,window,51,polyorder,9,Efficacité,"9,4",Epochs,10
Paquets,151,window,71,polyorder,1,Efficacité,"9,4",Epochs,5
Paquets,101,window,41,polyorder,9,Efficacité,"9,3",Epochs,20
Paquets,151,window,81,polyorder,5,Efficacité,"9,3",Epochs,10
Paquets,25,window,61,polyorder,3,Efficacité,"9,2",Epochs,10
Paquets,51,window,81,polyorder,9,Efficacité,"9,2",Epochs,5
Paquets,101,window,31,polyorder,7,Efficacité,"9,2",Epochs,20
Paquets,251,window,61,polyorder,5,Efficacité,"9,2",Epochs,20
Paquets,25,window,31,polyorder,7,Efficacité,"9,1",Epochs,5
Paquets,25,window,61,polyorder,7,Efficacité,"9,1",Epochs,20
Paquets,51,window,21,polyorder,5,Efficacité,"9,1",Epochs,10
Paquets,51,window,71,polyorder,1,Efficacité,"9,1",Epochs,5
Paquets,51,window,81,polyorder,7,Efficacité,"9,1",Epochs,10
Paquets,151,window,41,polyorder,7,Efficacité,"9,1",Epochs,10
Paquets,25,window,51,polyorder,1,Efficacité,9,Epochs,20
Paquets,25,window,51,polyorder,7,Efficacité,9,Epochs,10
Paquets,25,window,61,polyorder,9,Efficacité,9,Epochs,5
Paquets,51,window,31,polyorder,5,Efficacité,9,Epochs,20
Paquets,51,window,31,polyorder,7,Efficacité,9,Epochs,5
Paquets,51,window,41,polyorder,3,Efficacité,9,Epochs,10
Paquets,101,window,71,polyorder,7,Efficacité,9,Epochs,5
Paquets,75,window,21,polyorder,5,Efficacité,"8,9",Epochs,20
Paquets,75,window,71,polyorder,1,Efficacité,"8,9",Epochs,20
Paquets,101,window,21,polyorder,5,Efficacité,"8,9",Epochs,5
Paquets,101,window,51,polyorder,3,Efficacité,"8,8",Epochs,5
Paquets,101,window,81,polyorder,3,Efficacité,"8,8",Epochs,10
Paquets,301,window,61,polyorder,9,Efficacité,"8,8",Epochs,20
Paquets,101,window,31,polyorder,3,Efficacité,"8,7",Epochs,5
Paquets,25,window,81,polyorder,7,Efficacité,"8,6",Epochs,5
Paquets,301,window,31,polyorder,7,Efficacité,"8,6",Epochs,5
Paquets,51,window,21,polyorder,7,Efficacité,"8,5",Epochs,5
Paquets,51,window,51,polyorder,5,Efficacité,"8,5",Epochs,10
Paquets,75,window,51,polyorder,9,Efficacité,"8,5",Epochs,20
Paquets,125,window,51,polyorder,5,Efficacité,"8,5",Epochs,10
Paquets,301,window,71,polyorder,3,Efficacité,"8,5",Epochs,20
Paquets,25,window,71,polyorder,5,Efficacité,"8,3",Epochs,5
Paquets,75,window,61,polyorder,5,Efficacité,"8,3",Epochs,5
Paquets,301,window,51,polyorder,3,Efficacité,"8,3",Epochs,10
Paquets,25,window,41,polyorder,1,Efficacité,"8,2",Epochs,10
Paquets,251,window,41,polyorder,9,Efficacité,"8,2",Epochs,5
Paquets,75,window,71,polyorder,3,Efficacité,"8,1",Epochs,10
Paquets,151,window,21,polyorder,1,Efficacité,"8,1",Epochs,5
Paquets,301,window,61,polyorder,3,Efficacité,"8,1",Epochs,10
Paquets,125,window,21,polyorder,7,Efficacité,8,Epochs,10
Paquets,125,window,61,polyorder,5,Efficacité,8,Epochs,10
Paquets,151,window,41,polyorder,5,Efficacité,8,Epochs,10
Paquets,151,window,51,polyorder,5,Efficacité,8,Epochs,5
Paquets,25,window,31,polyorder,9,Efficacité,"7,7",Epochs,5
Paquets,301,window,81,polyorder,5,Efficacité,"7,6",Epochs,10
Paquets,101,window,81,polyorder,5,Efficacité,"7,5",Epochs,5
Paquets,301,window,71,polyorder,1,Efficacité,"7,5",Epochs,20
Paquets,25,window,71,polyorder,9,Efficacité,"7,4",Epochs,10
Paquets,101,window,31,polyorder,3,Efficacité,"7,4",Epochs,20
Paquets,101,window,51,polyorder,3,Efficacité,"7,4",Epochs,10
Paquets,51,window,21,polyorder,9,Efficacité,"7,2",Epochs,20
Paquets,151,window,21,polyorder,5,Efficacité,"7,1",Epochs,5
Paquets,25,window,31,polyorder,3,Efficacité,7,Epochs,10
Paquets,51,window,21,polyorder,5,Efficacité,7,Epochs,20
Paquets,151,window,21,polyorder,3,Efficacité,7,Epochs,20
Paquets,25,window,41,polyorder,7,Efficacité,"6,9",Epochs,10
Paquets,51,window,51,polyorder,3,Efficacité,"6,9",Epochs,5
Paquets,75,window,51,polyorder,3,Efficacité,"6,9",Epochs,10
Paquets,75,window,81,polyorder,1,Efficacité,"6,9",Epochs,20
Paquets,151,window,31,polyorder,9,Efficacité,"6,9",Epochs,20
Paquets,151,window,71,polyorder,7,Efficacité,"6,9",Epochs,20
Paquets,125,window,41,polyorder,1,Efficacité,"6,7",Epochs,20
Paquets,75,window,31,polyorder,5,Efficacité,"6,5",Epochs,10
Paquets,75,window,81,polyorder,7,Efficacité,"6,5",Epochs,20
Paquets,251,window,61,polyorder,9,Efficacité,"6,5",Epochs,5
Paquets,101,window,71,polyorder,1,Efficacité,"6,3",Epochs,5
Paquets,101,window,41,polyorder,7,Efficacité,"6,2",Epochs,20
Paquets,25,window,31,polyorder,5,Efficacité,"5,9",Epochs,5
Paquets,75,window,41,polyorder,7,Efficacité,"5,8",Epochs,20
Paquets,125,window,41,polyorder,3,Efficacité,"5,8",Epochs,10
Paquets,251,window,31,polyorder,9,Efficacité,"5,8",Epochs,10
Paquets,101,window,61,polyorder,7,Efficacité,"5,7",Epochs,5
Paquets,25,window,81,polyorder,3,Efficacité,"5,6",Epochs,20
Paquets,75,window,61,polyorder,9,Efficacité,"5,6",Epochs,10
Paquets,301,window,81,polyorder,7,Efficacité,"5,6",Epochs,20
Paquets,75,window,61,polyorder,5,Efficacité,"5,5",Epochs,10
Paquets,101,window,41,polyorder,7,Efficacité,"5,5",Epochs,5
Paquets,125,window,81,polyorder,5,Efficacité,"5,4",Epochs,10
Paquets,251,window,51,polyorder,9,Efficacité,"5,4",Epochs,10
Paquets,125,window,21,polyorder,1,Efficacité,"5,2",Epochs,10
Paquets,25,window,31,polyorder,7,Efficacité,"5,1",Epochs,20
Paquets,125,window,21,polyorder,9,Efficacité,"5,1",Epochs,5
Paquets,25,window,61,polyorder,1,Efficacité,"4,9",Epochs,5
Paquets,51,window,71,polyorder,5,Efficacité,"4,9",Epochs,5
Paquets,75,window,71,polyorder,3,Efficacité,"4,9",Epochs,20
Paquets,25,window,71,polyorder,1,Efficacité,"4,8",Epochs,10
Paquets,51,window,31,polyorder,1,Efficacité,"4,8",Epochs,5
Paquets,151,window,51,polyorder,7,Efficacité,"4,8",Epochs,5
Paquets,25,window,21,polyorder,1,Efficacité,"4,7",Epochs,5
Paquets,251,window,51,polyorder,1,Efficacité,"4,6",Epochs,20
Paquets,75,window,71,polyorder,9,Efficacité,"4,5",Epochs,10
Paquets,101,window,71,polyorder,9,Efficacité,"4,5",Epochs,20
Paquets,251,window,71,polyorder,3,Efficacité,"4,5",Epochs,20
Paquets,301,window,61,polyorder,5,Efficacité,"4,5",Epochs,10
Paquets,301,window,71,polyorder,1,Efficacité,"4,5",Epochs,5
Paquets,151,window,61,polyorder,1,Efficacité,"4,4",Epochs,20
Paquets,251,window,41,polyorder,5,Efficacité,"4,4",Epochs,10
Paquets,75,window,31,polyorder,5,Efficacité,"4,2",Epochs,5
Paquets,101,window,21,polyorder,1,Efficacité,"4,2",Epochs,5
Paquets,251,window,81,polyorder,9,Efficacité,"4,1",Epochs,5
Paquets,51,window,71,polyorder,7,Efficacité,"3,9",Epochs,10
Paquets,101,window,71,polyorder,9,Efficacité,"3,9",Epochs,5
Paquets,25,window,61,polyorder,1,Efficacité,"3,8",Epochs,10
Paquets,25,window,81,polyorder,1,Efficacité,"3,8",Epochs,20
Paquets,101,window,71,polyorder,3,Efficacité,"3,6",Epochs,5
Paquets,75,window,41,polyorder,1,Efficacité,"3,5",Epochs,20
Paquets,301,window,51,polyorder,7,Efficacité,"3,5",Epochs,20
Paquets,25,window,61,polyorder,5,Efficacité,"3,4",Epochs,10
Paquets,75,window,51,polyorder,5,Efficacité,"3,4",Epochs,10
Paquets,75,window,71,polyorder,1,Efficacité,"3,4",Epochs,10
Paquets,251,window,81,polyorder,3,Efficacité,"3,4",Epochs,10
Paquets,25,window,71,polyorder,9,Efficacité,"3,3",Epochs,5
Paquets,51,window,61,polyorder,9,Efficacité,"3,3",Epochs,10
Paquets,75,window,81,polyorder,3,Efficacité,"3,3",Epochs,10
Paquets,25,window,21,polyorder,5,Efficacité,"3,2",Epochs,20
Paquets,25,window,81,polyorder,3,Efficacité,"3,2",Epochs,5
Paquets,75,window,21,polyorder,3,Efficacité,"3,2",Epochs,20
Paquets,25,window,31,polyorder,9,Efficacité,"3,1",Epochs,10
Paquets,25,window,71,polyorder,5,Efficacité,"3,1",Epochs,20
Paquets,101,window,21,polyorder,5,Efficacité,"3,1",Epochs,10
Paquets,51,window,81,polyorder,7,Efficacité,3,Epochs,20
Paquets,75,window,31,polyorder,7,Efficacité,3,Epochs,10
Paquets,101,window,81,polyorder,1,Efficacité,3,Epochs,20
Paquets,125,window,71,polyorder,5,Efficacité,3,Epochs,10
Paquets,25,window,21,polyorder,5,Efficacité,"2,9",Epochs,10
Paquets,25,window,81,polyorder,9,Efficacité,"2,9",Epochs,5
Paquets,51,window,41,polyorder,3,Efficacité,"2,9",Epochs,20
Paquets,51,window,41,polyorder,7,Efficacité,"2,9",Epochs,5
Paquets,51,window,81,polyorder,1,Efficacité,"2,9",Epochs,5
Paquets,101,window,51,polyorder,9,Efficacité,"2,9",Epochs,10
Paquets,151,window,51,polyorder,3,Efficacité,"2,9",Epochs,5
Paquets,151,window,61,polyorder,9,Efficacité,"2,9",Epochs,5
Paquets,251,window,61,polyorder,5,Efficacité,"2,9",Epochs,5
Paquets,251,window,71,polyorder,1,Efficacité,"2,9",Epochs,10
Paquets,25,window,41,polyorder,5,Efficacité,"2,8",Epochs,10
Paquets,25,window,41,polyorder,7,Efficacité,"2,8",Epochs,5
Paquets,75,window,61,polyorder,7,Efficacité,"2,8",Epochs,20
Paquets,251,window,21,polyorder,9,Efficacité,"2,8",Epochs,5
Paquets,251,window,41,polyorder,9,Efficacité,"2,8",Epochs,10
Paquets,301,window,31,polyorder,3,Efficacité,"2,8",Epochs,10
Paquets,25,window,61,polyorder,3,Efficacité,"2,7",Epochs,5
Paquets,75,window,31,polyorder,7,Efficacité,"2,7",Epochs,5
Paquets,101,window,41,polyorder,5,Efficacité,"2,7",Epochs,20
Paquets,101,window,61,polyorder,1,Efficacité,"2,7",Epochs,10
Paquets,101,window,61,polyorder,9,Efficacité,"2,7",Epochs,10
Paquets,101,window,71,polyorder,3,Efficacité,"2,7",Epochs,10
Paquets,125,window,41,polyorder,1,Efficacité,"2,7",Epochs,10
Paquets,125,window,51,polyorder,9,Efficacité,"2,7",Epochs,5
Paquets,125,window,51,polyorder,9,Efficacité,"2,7",Epochs,10
Paquets,151,window,51,polyorder,7,Efficacité,"2,7",Epochs,10
Paquets,151,window,51,polyorder,9,Efficacité,"2,7",Epochs,20
Paquets,151,window,81,polyorder,9,Efficacité,"2,7",Epochs,20
Paquets,25,window,51,polyorder,5,Efficacité,"2,6",Epochs,10
Paquets,25,window,71,polyorder,3,Efficacité,"2,6",Epochs,20
Paquets,51,window,21,polyorder,1,Efficacité,"2,6",Epochs,10
Paquets,51,window,21,polyorder,1,Efficacité,"2,6",Epochs,20
Paquets,51,window,31,polyorder,7,Efficacité,"2,6",Epochs,10
Paquets,51,window,31,polyorder,7,Efficacité,"2,6",Epochs,20
Paquets,51,window,61,polyorder,1,Efficacité,"2,6",Epochs,20
Paquets,101,window,21,polyorder,7,Efficacité,"2,6",Epochs,5
Paquets,151,window,51,polyorder,3,Efficacité,"2,6",Epochs,10
Paquets,251,window,21,polyorder,9,Efficacité,"2,6",Epochs,20
Paquets,251,window,31,polyorder,1,Efficacité,"2,6",Epochs,20
Paquets,251,window,61,polyorder,7,Efficacité,"2,6",Epochs,10
Paquets,25,window,31,polyorder,1,Efficacité,"2,5",Epochs,10
Paquets,25,window,61,polyorder,9,Efficacité,"2,5",Epochs,20
Paquets,25,window,71,polyorder,7,Efficacité,"2,5",Epochs,5
Paquets,51,window,21,polyorder,7,Efficacité,"2,5",Epochs,20
Paquets,75,window,51,polyorder,3,Efficacité,"2,5",Epochs,20
Paquets,75,window,51,polyorder,7,Efficacité,"2,5",Epochs,20
Paquets,101,window,71,polyorder,5,Efficacité,"2,5",Epochs,10
Paquets,301,window,41,polyorder,5,Efficacité,"2,5",Epochs,5
Paquets,25,window,71,polyorder,3,Efficacité,"2,4",Epochs,10
Paquets,51,window,21,polyorder,7,Efficacité,"2,4",Epochs,10
Paquets,51,window,71,polyorder,3,Efficacité,"2,4",Epochs,20
Paquets,75,window,21,polyorder,9,Efficacité,"2,4",Epochs,5
Paquets,75,window,21,polyorder,9,Efficacité,"2,4",Epochs,20
Paquets,75,window,71,polyorder,7,Efficacité,"2,4",Epochs,20
Paquets,125,window,31,polyorder,5,Efficacité,"2,4",Epochs,20
Paquets,125,window,31,polyorder,9,Efficacité,"2,4",Epochs,20
Paquets,125,window,41,polyorder,3,Efficacité,"2,4",Epochs,5
Paquets,125,window,61,polyorder,1,Efficacité,"2,4",Epochs,10
Paquets,251,window,71,polyorder,3,Efficacité,"2,4",Epochs,5
Paquets,25,window,31,polyorder,5,Efficacité,"2,3",Epochs,10
Paquets,251,window,21,polyorder,7,Efficacité,"2,3",Epochs,10
Paquets,251,window,41,polyorder,1,Efficacité,"2,3",Epochs,5
Paquets,25,window,41,polyorder,3,Efficacité,"2,2",Epochs,20
Paquets,25,window,71,polyorder,5,Efficacité,"2,2",Epochs,10
Paquets,25,window,81,polyorder,7,Efficacité,"2,2",Epochs,20
Paquets,51,window,71,polyorder,1,Efficacité,"2,2",Epochs,20
Paquets,301,window,61,polyorder,5,Efficacité,"2,2",Epochs,20
Paquets,25,window,81,polyorder,3,Efficacité,"2,1",Epochs,10
Paquets,75,window,41,polyorder,7,Efficacité,"2,1",Epochs,10
Paquets,125,window,21,polyorder,3,Efficacité,"2,1",Epochs,10
Paquets,251,window,71,polyorder,9,Efficacité,"2,1",Epochs,10
Paquets,75,window,21,polyorder,3,Efficacité,"1,9",Epochs,10
Paquets,75,window,31,polyorder,3,Efficacité,"1,9",Epochs,5
Paquets,101,window,41,polyorder,5,Efficacité,"1,9",Epochs,5
Paquets,125,window,81,polyorder,9,Efficacité,"1,9",Epochs,5
Paquets,125,window,81,polyorder,9,Efficacité,"1,9",Epochs,10
Paquets,25,window,51,polyorder,3,Efficacité,"1,8",Epochs,10
Paquets,75,window,81,polyorder,9,Efficacité,"1,8",Epochs,10
Paquets,151,window,21,polyorder,3,Efficacité,"1,8",Epochs,10
Paquets,301,window,21,polyorder,5,Efficacité,"1,8",Epochs,10
Paquets,25,window,21,polyorder,3,Efficacité,"1,7",Epochs,10
Paquets,25,window,51,polyorder,7,Efficacité,"1,7",Epochs,20
Paquets,51,window,51,polyorder,7,Efficacité,"1,7",Epochs,10
Paquets,75,window,51,polyorder,1,Efficacité,"1,7",Epochs,10
Paquets,75,window,81,polyorder,1,Efficacité,"1,7",Epochs,5
Paquets,101,window,61,polyorder,3,Efficacité,"1,7",Epochs,5
Paquets,301,window,41,polyorder,1,Efficacité,"1,7",Epochs,10
Paquets,25,window,71,polyorder,9,Efficacité,"1,6",Epochs,20
Paquets,125,window,61,polyorder,5,Efficacité,"1,6",Epochs,5
Paquets,151,window,31,polyorder,3,Efficacité,"1,6",Epochs,20
Paquets,251,window,21,polyorder,5,Efficacité,"1,6",Epochs,20
Paquets,251,window,51,polyorder,3,Efficacité,"1,6",Epochs,10
Paquets,251,window,71,polyorder,1,Efficacité,"1,6",Epochs,5
Paquets,25,window,31,polyorder,1,Efficacité,"1,5",Epochs,20
Paquets,25,window,41,polyorder,5,Efficacité,"1,5",Epochs,20
Paquets,25,window,81,polyorder,9,Efficacité,"1,5",Epochs,20
Paquets,75,window,41,polyorder,3,Efficacité,"1,5",Epochs,5
Paquets,101,window,21,polyorder,3,Efficacité,"1,5",Epochs,5
Paquets,251,window,41,polyorder,5,Efficacité,"1,5",Epochs,20
Paquets,125,window,71,polyorder,9,Efficacité,"1,4",Epochs,5
Paquets,251,window,41,polyorder,3,Efficacité,"1,4",Epochs,10
Paquets,75,window,81,polyorder,1,Efficacité,"1,3",Epochs,10
Paquets,125,window,31,polyorder,7,Efficacité,"1,3",Epochs,5
Paquets,125,window,31,polyorder,7,Efficacité,"1,3",Epochs,10
Paquets,75,window,31,polyorder,1,Efficacité,"1,2",Epochs,10
Paquets,125,window,61,polyorder,3,Efficacité,"1,2",Epochs,5
Paquets,301,window,31,polyorder,1,Efficacité,"1,2",Epochs,20
